taskName,time,hour,startTime,finishTime,status,note
,00:00:00,,開始時刻,終了時刻,0,aewfgewgreojml@:<br><br><br>l@:l<br>l@:<br>l.:<br>l.<br>:.l
,00:00:00,,開始時刻,終了時刻,0,aewfgewgreojml@:<br><br><br>l@:l<br>l@:<br>l.:<br>l.<br>:.l
,00:00:00,,開始時刻,終了時刻,0,aewfgewgreojml@:<br><br><br>l@:l<br>l@:<br>l.:<br>l.<br>:.l
,00:00:00,,開始時刻,終了時刻,0,aewfgewgreojml@:<br><br><br>l@:l<br>l@:<br>l.:<br>l.<br>:.l
,00:00:00,,開始時刻,終了時刻,0,aewfgewgreojml@:<br><br><br>l@:l<br>l@:<br>l.:<br>l.<br>:.l
,00:00:00,,開始時刻,終了時刻,0,aewfgewgreojml@:<br><br><br>l@:l<br>l@:<br>l.:<br>l.<br>:.l
,00:00:00,,開始時刻,終了時刻,0,aewfgewgreojml@:<br><br><br>l@:l<br>l@:<br>l.:<br>l.<br>:.l
,00:00:00,,開始時刻,終了時刻,0,aewfgewgreojml@:<br><br><br>l@:l<br>l@:<br>l.:<br>l.<br>:.l
,00:00:00,,開始時刻,終了時刻,0,aewfgewgreojml@:<br><br><br>l@:l<br>l@:<br>l.:<br>l.<br>:.l
